timestamp,feature_1,feature_2,feature_3,feature_4,feature_5,feature_6,target
2024-01-01,31.470218840916957,-0.3843953225562967,23.17874206150572,19.023767483393357,10.930949671338004,-1.416691772783796,36.09349672794343
2024-01-02,36.81288613208135,2.8549725953936576,28.297689172625542,20.47391723604004,9.964271022001904,-1.1822882599929967,37.62194916566213
2024-01-03,41.75671080001195,4.765580623288949,31.63789870699247,21.17012407746911,10.961609114994609,-0.7908445340096947,44.869672562281295
2024-01-04,41.7677275853157,5.654679873377085,31.27848368704319,21.413856332451108,11.019480989446244,-0.7471617948462562,45.71701303799947
2024-01-05,43.49339427582424,5.588475195070108,32.50913374404113,21.353780359903972,11.439460518280669,-0.571069965600967,50.36208140850067
2024-01-06,42.36139391215642,4.21279783581694,32.02631414671739,20.84346082957089,10.740462179988624,-0.898350394596656,50.2326531012853
2024-01-07,44.35312165546418,4.458957520107428,33.98618555009365,21.069670887241763,10.472419083535671,-1.1286034151017663,52.1035705169042
2024-01-08,43.71513911294937,3.89442287304004,32.87364263057709,20.7833848472933,11.18003473771612,-1.0517843607167403,52.205414741834005
2024-01-09,44.44771741755804,3.768023966888587,33.45521289904912,20.632541807567083,11.1107335982124,-1.060153495579958,50.77907009442648
2024-01-10,43.14913885211945,2.6563583038151264,31.82840497771899,20.10660475874444,11.956135258823634,-1.1407148056179282,49.14409957249959
2024-01-11,41.66211503791809,1.4006209873408082,31.20105872849624,19.68901122820377,11.110642918080094,-1.6010847163796422,52.80265502611797
2024-01-12,41.90630770079295,0.3968744340389968,32.7069070571661,19.9266488187636,9.488777842819692,-2.210329799453417,59.46242131551107
2024-01-13,45.2962618042628,2.1034858358999093,33.92580750803153,20.24199338516593,11.52499863509337,-1.77506726894776,59.74036890347799
2024-01-14,40.29221728340784,-0.1614701557159426,31.565567355950677,19.387379647020875,9.361876934140922,-2.183317248669763,56.18346040884654
2024-01-15,40.541380020538966,-0.1677497223665316,30.68462035655975,19.15317032192275,10.710074938928088,-1.895160789363086,48.73198276519776
2024-01-16,37.0241936592261,-1.369662004619837,29.49940675397714,18.890174576554447,8.425131995444497,-2.313889209014674,52.28415160338084
2024-01-17,39.30442984660467,-0.8830839596192043,31.070658788084984,19.27125448787585,8.953054478575785,-2.284835414233307,57.26253437360128
2024-01-18,42.472307803630834,0.0302365387578807,32.21695630570253,19.22293250265966,11.108284369577966,-1.8684204220200575,58.44819259643555
2024-01-19,40.41398234502474,-0.570450459445516,31.799540446201963,19.307931350938976,8.955775704354048,-2.303478842320541,53.9465747388204
2024-01-20,42.47769201453527,-0.1860502434124546,31.616097515026727,19.09527099693815,11.436739335755506,-1.8600512993236384,56.53092810630798
2024-01-21,45.39077469952901,1.5268405967702472,35.07441402494907,20.08930025205637,10.21272106793523,-2.121195203791062,59.17525609652201
2024-01-22,46.51167525307338,1.851136265402039,33.89449786225955,20.114331897283595,12.851335753430924,-1.7027389554133017,62.06540532747905
2024-01-23,45.95660922670365,1.0340727938910328,34.362579671939216,19.657939319113893,11.710134290138882,-2.0093347082684434,63.63513569513957
2024-01-24,50.2174729127884,2.758625642120838,35.86869951804479,20.11041390231749,14.53696875,-1.5265791056553522,66.90007389386496
2024-01-25,45.75681509335836,-2.318507026866078,33.17288336393734,17.62378990219099,12.961909199307364,-1.8207232194294527,68.02542850812277
2024-01-26,50.25648778438568,-2.9733778559217856,35.533123301466304,16.6647505855908,14.754850227048,-1.5946207723220187,66.73812370300293
2024-01-27,50.67255944013596,-1.8262774082397424,36.53693168143432,17.705034000564368,13.669071409573158,-1.7978611893206835,65.95523356437683
2024-01-28,52.59230490175883,-0.7625160254091022,37.09445954084397,17.857672751764458,15.553446319838365,-1.430980533490578,66.85853227297466
2024-01-29,50.839054459095,0.0244055240402622,36.63371287961801,18.71239532832864,14.193909892330566,-1.6299343685110408,67.12245853424072
2024-01-30,54.56208138831457,0.1326835186692573,38.655999644994736,18.29267957876002,15.412667003979289,-1.4123371256813406,68.27085521697998
2024-01-31,63.36759715270997,1.7974012217521669,46.583981094360354,18.546097990036014,13.86481966781616,-1.8203830763101576,63.265021591186525
2024-02-01,52.237115243593855,-0.2759380338788033,38.4413151093324,18.48999441625799,13.09153150677681,-1.808203551724553,59.78197581926983
2024-02-02,50.04012723716101,0.240961358234286,36.336713383595146,18.838043416141225,13.79905637269219,-1.551074106628696,59.37446732521057
2024-02-03,36.09728883222739,-1.5973417642017207,28.283155055443448,18.86323834616132,9.36750081084172,-2.419693997112413,52.88158890247345
2024-02-04,38.67762994154294,2.981371565709511,30.34911211649577,21.465933115820093,9.223818811620276,-2.3534214234476285,55.11847381909688
2024-02-05,42.411508198897046,4.663223369270564,33.18728166977564,22.28408767787616,9.408954542358716,-2.164741877595584,56.75792080879212
2024-02-06,44.036946868896486,5.108176706025998,33.05450455923875,21.974620066622894,11.671674019436042,-1.907748497858644,59.86551888783773
2024-02-07,43.35464850568771,4.963477193276088,33.141573795080184,22.291814829389256,10.790442460755507,-2.148207770797113,57.71652028083801
2024-02-08,46.70012113380432,5.546402020444472,35.284616223573686,22.37871825269858,11.304305100748936,-1.9678973516970872,57.22105854988098
2024-02-09,49.901463859876,6.495785178820292,36.452783071597416,22.41164035004377,13.063956182440124,-1.586591829245289,56.16502677917481
2024-02-10,48.88046025451024,6.093533015062412,36.49611384093762,22.531465844750404,11.986431852191687,-1.8102447794998684,53.61326121807099
2024-02-11,48.1873938249747,5.9069397527376815,34.253844970464705,22.17378510048489,14.271465410927933,-1.4350630133748057,51.77025649388632
2024-02-12,50.428532036940254,6.189341500689586,37.1860111784935,22.36326388804615,12.685611680507662,-1.731588615655899,51.98783580621083
2024-02-13,53.11374042542776,6.026969486653805,37.5869913272063,22.009446738998097,15.235695177654426,-1.364912078142166,54.12267923196157
2024-02-14,51.20534329541525,5.59466504919529,37.147570346196495,21.73480583904187,13.810032172203066,-1.598907378633817,54.07178989251455
2024-02-15,52.259231997013096,6.670267945329349,36.742243845860166,22.16018093706171,15.365408035496872,-1.3210932411750156,54.05315924803416
2024-02-16,48.98598977708817,4.7473698254625,35.342277536789574,21.37505726536115,13.655283812284472,-1.6612335539956886,53.761188575426736
2024-02-17,50.345367789268494,6.267387890140216,36.80506674309572,22.409681336343294,13.359665304988622,-1.590878463946283,52.60838122208913
2024-02-18,52.89183009163539,7.3191283880869555,36.99319571415583,22.39205032331745,15.813144227306047,-1.1741913045148054,54.51182064692179
2024-02-19,55.32199429162343,6.34561344798406,39.87965417702993,21.96482506299019,14.716208401441577,-1.458197222868601,58.27228624820709
2024-02-20,48.714130771716434,5.336394697984059,36.40435833851496,22.048191419313355,12.232342183997234,-1.9118990307003256,54.488712153434754
2024-02-21,45.43525609588624,4.074736729125182,34.50486500958602,21.680715694119534,10.872987051874398,-2.156372767065962,48.296626372337336
2024-02-22,46.22283546018601,4.381180407255888,34.50989080250263,21.85076778393984,11.746417599683006,-1.9180908197065192,47.15744669278463
2024-02-23,45.49622151327134,5.300421654264132,34.68131254533927,22.26281078539293,10.748807282467682,-2.1688243858690064,48.84765167872112
2024-02-24,45.25749584913254,5.30015254877011,34.36740163246791,22.37866385294994,11.05014034659664,-2.0943868118797737,49.54719651699066
2024-02-25,47.19389067045848,4.26671261464556,34.775173247059186,21.491182428965967,12.58302057332794,-1.893119553476572,50.19545723279317
2024-02-26,42.01200295702616,3.894153853098552,33.36827971339226,21.850767754748464,8.933733619838954,-2.357435874707997,43.99422099908193
2024-02-27,42.49467280205091,3.786234700550635,32.34246630907059,21.608940065066022,10.489109396626551,-1.8911463299915197,42.67926556110382
2024-02-28,37.06842665259043,2.482503535677989,29.190521666407587,21.16827394759655,8.770458537658056,-2.2891220489343005,42.98920903205872
2024-02-29,37.939419378519055,3.3057569147845105,29.755520530144377,21.53558640867472,8.966570013840993,-2.1524263363182543,43.49415070374807
2024-03-01,43.01602577487628,5.0782141555448375,32.88308291355769,22.223957221249737,10.497545233304304,-1.922241372826199,44.753871552149455
2024-03-02,48.3204246673584,3.961166468143462,40.096580286026,21.84113599252701,7.764866087198257,-2.5176739563941952,42.36952098846435
2024-03-03,42.98835951137543,3.672036120374998,32.37153470536073,21.239831860889996,11.102388409227132,-1.6632067572027445,46.40273318767547
2024-03-04,41.27387510283789,4.597377412736416,32.122823730309804,21.922380090494958,9.676906947866083,-1.9117629612858096,46.374622476895645
2024-03-05,43.409981151183445,5.672800990760327,32.629753810366,22.43302610689402,11.284893583506346,-1.63197563684235,47.34270176410675
2024-03-06,39.271213678042095,3.173347344289223,31.06366329550743,21.5626314778924,8.991514781718452,-2.181344041407108,45.14742338657379
2024-03-07,39.99244325606029,4.891889955937862,31.54852047185103,22.29170599097014,8.867244386245806,-2.14813970567286,44.19810721715291
2024-03-08,37.512165045817696,2.6804000628888605,29.142097143828867,21.245599985728663,9.66012598708272,-2.0736340908929702,38.35803164958954
2024-03-09,36.04758870188395,2.8067094597021742,29.053058354059857,21.3461619754533,7.977577023327352,-2.390640222609043,36.857690048217776
2024-03-10,38.69982932480176,3.665846159309149,29.531123740673067,21.489223428239427,10.201563983852663,-1.903734038487077,41.34074243068695
2024-03-11,40.56912919036547,3.9123646081487338,32.17118026018143,21.67881106719375,8.740162009169659,-2.1461665024658045,44.19363012154897
2024-03-12,39.931643809318544,4.122551312883695,31.61113950431347,21.889512438307207,8.687641819636028,-2.168960467450321,43.92476668675741
2024-03-13,42.25602984674772,3.497643055697283,32.34980118225018,21.31128089684248,10.20192676926156,-1.949117837972939,40.65995983123779
2024-03-14,37.45136524359385,2.7587154295047127,29.796474129358927,21.45439677208165,8.262310486937563,-2.262245591898759,39.52058250904083
2024-03-15,40.88033410016696,2.783026422401269,32.04567035396894,21.357643922686577,9.102088227594892,-2.465145841444532,42.64207019488017
2024-03-16,38.00593442447981,3.467680398275456,30.59510620077451,21.70193814793229,8.14901576121648,-2.353285341866314,38.98812230110168
2024-03-17,36.26958213949204,1.3400679521709684,28.008024565974875,20.43141782163084,9.383919051095845,-2.3678462454577285,33.185177746613824
2024-03-18,31.88082367567221,-0.0838724893033502,25.787624961137777,20.0311288472414,7.651661955103279,-2.6765512993236382,30.02669139544169
2024-03-19,35.609151929219564,1.905589244524638,28.69826155940692,20.86457452605168,7.966692066147924,-2.434186880191167,38.90010314146677
2024-03-20,39.42636060237884,3.695898497174184,30.32269253730774,21.57629009620349,9.903405719175936,-2.03212867325296,41.609276754061376
2024-03-21,36.89066636633873,2.302100084702174,29.82302949965,21.19521017190814,7.975127902825673,-2.459090129964053,39.52986518383026
2024-03-22,38.93797507913907,2.6203852173189324,29.80122832387686,20.997949748754504,9.93370220441123,-2.01967702606072,39.70116321881612
2024-03-23,39.17653524661065,1.8751781528045732,31.59911820262671,20.750462766165537,7.985922190686067,-2.425817745327949,38.69174058119456
2024-03-24,38.20026140109698,1.5208302425543467,29.402965082128844,20.35207832788428,9.814783710122107,-2.1005785684411724,37.83952872912089
2024-03-25,37.53444713791212,2.079802841375272,30.21388990789652,20.928459655145804,7.966782735466957,-2.500459453855952,38.30714243570963
2024-03-26,41.15194450505575,3.269514765570561,31.73929834097624,21.347957731525103,9.889527290369074,-2.0715928509508568,40.0624568605423
2024-03-27,39.8146830488046,2.644606486996015,31.88396086494128,21.160601156910264,8.16815519480904,-2.411256837680936,40.93777682940165
2024-03-28,40.31971789224942,3.623862600962321,31.18428342660268,21.634298242578907,9.665749820530417,-2.307697415952881,41.11388082027435
2024-03-29,40.219820904572806,1.9535831677814328,32.22442711571852,21.011390644818544,8.289795131141942,-2.550265953401724,41.56279846191406
2024-03-30,40.29188587534428,2.2899893750051663,31.38443374792735,20.97101350173851,9.51118279384325,-2.3451203151804703,32.082798147996265
2024-03-31,33.545442338705065,-0.0477200205326081,27.37096624106169,20.178162685011827,7.654655329411228,-2.8404636627895137,20.495604915618895
2024-04-01,35.98678905765215,2.2901689069966475,28.415796261529128,20.920569265464945,8.85599652471145,-2.094182653007408,26.28031417369843
2024-04-02,36.6135890417099,0.8778905484278999,28.84054704278708,20.327155489452185,8.944709267963967,-2.168892422604064,32.92579444090526
2024-04-03,34.58839676634471,-1.8680814452891552,27.489209202031294,18.78972141511304,8.67385422234734,-2.3451203212638694,34.1948632589976
2024-04-04,37.05757552194596,0.2288508196423452,28.36275328695774,19.833922833566863,10.143873448039097,-2.1501809456149736,37.867441294988
2024-04-05,36.996279032230376,2.476492988968889,29.53322913428148,21.170069651772582,8.184936274538439,-2.574965092969437,38.32123056411743
2024-04-06,38.91030885513624,2.392346629023552,29.91689033091069,20.943859603832166,9.892157825201751,-2.305724216801425,41.08603354930877
2024-04-07,38.67183163348834,2.1876321958452465,29.750698359111947,20.829911095087727,9.947671324163675,-2.2060431606968245,35.426670788129165
2024-04-08,37.922769821325936,2.1094962649742763,30.69175162404776,21.115979454954463,8.04107287179927,-2.558294884311656,31.290954948266343
2024-04-09,38.41678776097297,2.530587160766125,29.584166715244454,21.088880024909976,9.748566570992272,-2.226999983777602,34.37524657726288
2024-04-10,37.37366748118401,2.2536575239598746,30.23324616372585,21.187537400682768,7.775932415455579,-2.6146333768169083,31.70781172593435
2024-04-11,38.68284869527817,2.8486929538846013,29.85929704278708,21.24745018695792,9.958647015541793,-2.104456962453822,31.392864782015483
2024-04-12,37.88392084137599,0.91978436216712,30.61683949718873,20.526211696247262,7.922426407093803,-2.554280412773291,30.85112265268961
2024-04-13,35.9309594086806,1.2203970041920742,28.3698167236646,20.779684496730567,8.742973985366524,-2.649742883078753,29.855261891682943
2024-04-14,37.06850967741013,1.6891230586916208,30.08097707102696,21.056121191680436,7.809040957987309,-2.7160835097009937,29.531098321278893
2024-04-15,39.84268093760809,2.0314500626698138,30.91628407508135,20.74268113665469,9.765166203950844,-2.208152477929989,27.14134824593862
2024-04-16,36.71895287013054,-0.0533716529756784,29.83491501023372,19.93268906681426,7.673704147751132,-2.666208965308964,30.99450743118922
2024-04-17,37.90073601373037,1.0098515776842834,29.767201997836437,20.332978114587565,9.173838552479944,-2.384380376589794,35.45438659032186
2024-04-18,36.43615994628271,0.3008866409957407,30.206486993432048,20.462435334215563,6.922185592892269,-2.815356288616856,34.0234333785375
2024-04-19,36.71895294912657,-3.316243119011323,29.036079090237617,19.9788888159742,9.005393199712039,-5.099310911702613,33.05542026519775
2024-04-20,38.205728439331054,-2.306486133961628,31.5123207594951,20.87817866028349,6.988311959976952,-5.478711251460016,34.37544421990713
2024-04-21,35.2820433031718,-3.736616360049695,28.82132661044598,20.006260419910152,7.345067842935523,-5.464354462129375,28.461306905746454
2024-04-22,39.459659440279005,-1.759982926507791,30.74968443850676,20.870560366650423,9.237334390138589,-5.087063411215941,30.133275590737657
2024-04-23,36.00335590600967,-3.5083086288310583,29.05061335315307,19.86477708365768,7.81457417618235,-5.099446997339527,23.64039729356766
2024-04-24,37.83405519461632,-1.7118992693374553,30.189847466448946,20.74273560492198,8.433477151989937,-4.892124044438669,26.94233396927516
2024-04-25,43.487513100941975,0.0002739455004535,33.96662546187639,20.319428357400003,9.66302851905922,-3.6049117806516575,30.56382590214412
2024-04-26,37.98390069588026,1.2685704380522171,30.69922241787116,20.653873144396893,7.7952532741924125,-2.668318250097334,24.59893084287644
2024-04-27,40.85241911768913,2.506545358916124,31.080370815197625,20.707963345269363,10.494733316580456,-1.8369851590096948,19.699021525780363
2024-04-28,40.61369321656228,3.809917716463407,31.966139969428383,21.40803374948105,9.21556434602042,-1.8330387566511828,23.167845848401388
2024-04-29,37.61777727723122,-1.9704387073280911,30.115003267526628,20.8065663358892,8.342315223356088,-4.987518455956752,21.922081785202028
2024-04-30,40.10327463618914,-1.9282757720537484,31.04179404606421,20.613387150734663,9.712646068483592,-5.0225599123028415,16.767594992717108
2024-05-01,36.04775447503726,-3.4362728716420627,29.033769977589447,20.12205907596089,7.784277582814297,-5.3378649877520905,23.640397419134786
2024-05-02,43.39415939331055,-0.3663640246391297,31.52440979480744,21.23776413202286,11.875042112112046,-4.754883964180946,23.584899578094483
2024-05-03,36.053221394777296,-4.223463483809183,29.06270250181357,19.54001841646557,7.726224250778556,-5.360590897751351,19.791846861044565
2024-05-04,35.392956957658136,-3.952723735883832,28.76101662586133,19.820427495588863,7.723775141090154,-5.389440566105147,24.51117512305578
2024-05-05,41.18524334295591,-1.290987790575872,31.944474762876823,20.884055672599004,9.839909827450912,-4.96880698910666,30.438874439398447
2024-05-06,38.505502348184585,-2.4327954158137244,31.012793723444144,20.4605307608073,8.286983171164989,-5.163542257592082,31.31873667319616
2024-05-07,38.932425253073376,-2.0422951089777057,30.23806830237309,20.468203497976067,9.54982460322976,-4.995819532793015,33.5834694258372
2024-05-08,36.00302467568715,-3.4362728475804136,29.205055848360065,20.10856374325355,7.7016423223763715,-5.375083784885704,31.63835766474406
2024-05-09,39.48202451769512,-2.342459164313972,31.03439111540715,20.45655833527943,9.187898319924871,-5.2134167817061146,24.22848662296931
2024-05-10,36.87434823695818,-3.4301727166747056,29.78200779438019,20.03129207486784,8.035630355363091,-5.300578174161415,18.23580999573072
2024-05-11,36.68590235622724,-3.4961980554834007,28.814127382636077,19.97306626787161,8.828693370531003,-5.47864320255816,18.532060121297835
2024-05-12,39.68728557078044,-1.2432629781601328,31.92491469085217,21.334571244940165,8.187566841810943,-5.238320033506801,22.760403339862822
2024-05-13,40.685924138228096,-0.7866475237434108,31.67898840496937,21.36923466293017,9.701670398732029,-5.074543745538841,26.9703790084521
2024-05-14,38.78282835229238,-0.864783534819881,30.36357845147451,21.338380417704585,9.13809942104916,-4.985409160015483,29.262498012383784
2024-05-15,38.627433103958765,-1.1651269831247628,29.82791963100433,21.2088687512974,9.894788370847705,-4.91498603323102,32.346921863555906
2024-05-16,37.9284852625529,-1.105022441070527,30.44541780292988,21.58777199154099,8.041254275316993,-5.335551562341551,32.87016519387563
2024-05-17,40.14775603254636,2.001666857033968,30.83179595510165,21.487318807800616,9.870297155017656,-3.335670918678244,25.64561489502589
2024-05-18,38.288975988308586,2.5243075459922357,30.70384078890085,21.438833523601293,8.11554445490241,-2.778273589286953,23.18186836798986
2024-05-19,39.95359463159243,1.935372498283784,31.111680331428847,20.932323282798134,9.660216623961928,-2.489981048398961,26.835750025113427
2024-05-20,37.86180452243487,2.151928396642208,30.53744504948457,21.40231999844313,7.983110252335668,-2.776232331094642,29.860001673698424
2024-05-21,43.03814240980148,4.4049531463881335,32.99181748549143,22.15038595937689,10.306967040196062,-2.303478834209342,33.8659601577123
2024-05-22,35.181980463345845,0.9318949649234616,28.17231502513091,20.653764348953963,8.44436206591626,-2.6663450347234803,25.173195044199627
2024-05-23,39.31006261849404,1.953314051593344,30.718307042916617,20.89749656744674,8.972375369752447,-2.622662301643441,26.224487660725917
2024-05-24,40.54162854202588,2.301920723815759,31.148015899658205,21.02314466377348,10.09371173131466,-2.5935404640436173,12.002117487192152
2024-05-25,40.61924327961604,1.941203438142936,32.581532812515896,21.30556717175245,8.602194610034426,-2.9688582934997974,7.583976610600948
2024-05-26,39.42081065781911,1.5630828208426637,31.23250413298607,21.127787897984188,9.01382905801634,-2.751261042558898,12.40508330821991
2024-05-27,39.36539530348778,1.370658426165581,30.77386289775372,20.79503000674645,9.121227736880382,-2.670291459387789,14.350129177967707
2024-05-28,41.10199603096644,2.115686204651992,31.40861214240392,20.996099599421026,10.381257176528376,-2.475760342677434,16.6610766573747
2024-05-29,40.20872133143743,2.7708261392017204,31.753696683247885,21.57819464528561,8.897631659746171,-2.6848523812294007,24.534085032145185
2024-05-30,42.53335596934954,3.539805910766125,32.5210190765063,21.798745419780413,10.472509731228154,-2.313889213070273,24.1683148598671
2024-05-31,40.49176269777616,2.740325388426582,32.610397586921856,21.535586395700776,7.98047969587644,-2.8320265033580365,20.03279672543208
2024-06-01,40.402882574399314,2.6803104252219203,30.85359708229701,21.20114157383641,10.306876305997372,-2.2310144796495632,25.520399866898856
2024-06-02,38.721863053401314,0.9202329194471244,30.78826125621796,20.50678491701372,8.46658568370839,-2.67253684603547,27.28967095136643
2024-06-03,39.82594855308533,1.0461833752592404,30.36099751373132,20.03722348977005,10.712796099826695,-2.1667150848582386,22.598321680227915
2024-06-04,40.44173151485125,0.9318052417039868,32.38606879015764,20.4218404826733,8.203985060438514,-2.616674620814621,27.021070830821987
2024-06-05,41.73442839193344,1.9471242295503617,32.02414084136486,20.56092949330869,10.320663968165716,-2.1647418694843847,30.56850020090739
2024-06-06,27.69210764944553,-3.3400158367554345,23.12087708592415,18.56356575719081,7.016159335523844,-3.0330896251946684,20.264332658151787
2024-06-07,20.89,-5.989999999999999,19.94,17.85,3.72,-3.86,0.9335591836025317
2024-06-08,21.533532168621814,-5.7014979981606215,19.94,17.85,4.416277144953608,-3.669347250940899,3.1982916988432404
2024-06-09,32.70195041910807,-1.1648578535690903,24.704014549652737,19.180433095142867,10.218526391406854,-2.179166727994879,22.3946333873272
2024-06-10,38.37777328435581,1.0159516978959242,30.12227045565844,20.57268349564076,9.105081655969224,-2.413366126524905,18.536734294493996
2024-06-11,38.97715517091751,1.0582940635681155,30.095647092660272,20.385218115041656,9.941956724077464,-2.307425273068249,14.549209189017615
2024-06-12,39.32662899287542,-5.064568815987557,31.15521499792735,16.82702108441666,8.637843018079797,-2.5150203777253624,14.868895852168402
2024-06-13,40.4695635120074,-4.722331545922906,31.12370164930821,16.712963738063973,10.187867034256458,-2.2849034712463614,23.029003083705906
2024-06-14,37.25695555814107,-6.6391295161694295,29.827647919257483,15.999506816454234,8.469397611245514,-2.65375734650592,15.392073322534564
2024-06-15,43.87591880917549,-4.025297760204723,33.48414540708065,17.080385098376624,10.500266556402048,-2.307765477021535,16.128682591915133
2024-06-16,41.08534647377332,-4.547669415853918,32.39564499378205,16.84057084079335,8.905976816291611,-2.483925330835084,19.36577339410782
2024-06-17,40.99638332557678,-4.920317836456001,32.51151081701119,16.906360581406705,8.89500113572677,-2.6807698709281778,20.296590827306115
2024-06-18,43.80932065939903,-4.055260361482699,33.49623463670412,17.06482191354968,10.759964431429903,-2.2744930883298315,20.532866706848147
2024-06-19,40.8467864642938,-4.974501648593694,32.192981549302736,16.72656791689371,9.12149983134369,-2.4464343847334384,24.015384092330933
2024-06-20,41.257391555786135,-4.590280854937931,32.839616126418115,17.01258192444779,8.754131064042449,-2.529513252692918,26.196705810228988
2024-06-21,39.33209618910154,-5.894101809867968,30.00395963152249,16.01077109576886,10.41472852609555,-2.218766962940494,16.072987579107284
2024-06-22,38.32227482620875,-6.783380509068569,29.801296316583954,15.653362412683668,9.378567214791971,-2.434186872079968,16.216504077514013
2024-06-23,37.43455003174146,-6.128150837931783,29.71667213022709,16.111659580479067,8.344945844694973,-2.6434830451707043,16.832309052149455
2024-06-24,41.750995121796926,-4.608043130240093,32.73821654101213,16.78843965443224,9.140639308189352,-2.4506529543101787,20.213180075089134
2024-06-25,43.36558242416382,-4.596022197232893,32.69719499766827,16.465476748177164,11.014129304528238,-2.2164535476689537,12.82193996032079
2024-06-26,37.68437562449773,-6.218307699136436,29.56711958825588,15.84670482141028,9.17120798520744,-2.4922264167964454,13.113779258330664
2024-06-27,41.473668959697086,-5.26291395127525,31.44460789283117,16.314633735615143,10.815115123356383,-2.243534143298864,11.969727605978647
2024-06-28,42.17816666666667,-4.559600606927027,32.7649078643322,16.958654992961637,9.635271834457914,-2.440310630434503,14.984762565294902
2024-06-29,43.09364059146245,-4.475543911383798,33.39965701182683,16.93340565589505,9.79283220841984,-2.4362281323000787,14.637228348652522
2024-06-30,44.14255933729808,-3.905178340498358,34.10673741320769,17.028145084543155,10.016609656631948,-2.2932045369297263,15.69780332605044
2024-07-01,44.020380139033,-4.565969918185224,32.89761703073979,16.361105581633748,11.801296132266522,-2.028114213881393,16.39260828812917
2024-07-02,46.32248443984985,-3.393482063651085,36.85288065910339,17.98974200101197,8.82506506228447,-2.4670510241389274,20.028320446014405
2024-07-03,40.21451977773507,-5.539484754020969,30.27182299762964,15.817864022879553,11.185205127249162,-2.009130565618475,21.79706433693568
2024-07-04,37.36803486728668,-6.67519226706773,29.429520436227325,15.655375829376284,8.809100352451205,-2.60204567643255,23.232823127905533
2024-07-05,39.25994833175341,-5.641303708825261,31.278347895940144,16.38428707225683,8.662697062571844,-2.608101379801829,21.95921166817348
2024-07-06,38.854976012150445,-6.356727663950374,30.74004048506419,15.771283350199464,8.822888014619549,-2.564622742732366,20.64860170006752
2024-07-07,41.67346321153641,-5.875801275454461,31.36514545241992,15.593340822046002,10.95045195521911,-2.0630876304507253,11.40928834438324
2024-07-08,39.03223945291837,-6.723006786661844,30.59279703954856,15.612713149229686,9.171208028460542,-2.516993584988018,11.159385026494665
2024-07-09,39.92004695622126,-6.008121090648075,31.32412368237972,16.047883242773512,9.298199703777833,-2.494199624059101,13.002520889838536
2024-07-10,43.44328022607167,-4.259526224013418,33.62418965717156,16.707304426507402,10.033300012975932,-2.1462345351452625,13.9240558052063
2024-07-11,41.19087631233533,-4.944180256031454,32.755195853412154,16.879315487052004,8.905886179412404,-2.589662090308964,18.11066085894903
2024-07-12,40.58056027030945,-5.413085700826099,31.5800337556998,16.3147969895949,9.701670323039096,-2.465281927081446,15.318142636617026
2024-07-13,40.09780753870805,-5.443137995914867,31.19840997211635,16.4675445779978,9.461293285121522,-2.523117341314753,14.521295869747798
2024-07-14,43.404431285619744,-4.697930872583141,33.93769287288189,16.62225115780222,9.790201695213716,-2.452762255320946,16.401825197140376
2024-07-15,39.60950522296628,-5.413175399983923,29.54314484400054,16.049679002899676,11.29822771525383,-2.2145483771413565,15.804321661392848
2024-07-16,37.950519042993584,-5.244703166816384,29.429316565381985,16.386191663909702,9.814965016320349,-2.471473703920841,13.13221254269282
2024-07-17,39.881281109710535,-4.89026552799965,30.78357499975711,16.807757589975996,9.74602678117156,-2.570882588751614,12.400409103631972
2024-07-18,39.1712339173456,-5.400975068661073,30.375599629692733,16.43843166193118,9.812243779728812,-2.610346746171514,12.39580079038938
2024-07-19,42.766531886418655,-5.467179837867618,33.08832697192828,16.30124723483995,10.060966071511308,-2.5211441259408987,14.276066677967709
2024-07-20,42.92722836033503,-6.248359999572237,33.19461659153303,15.771446591610712,9.947489888206125,-2.670155379834274,16.02203256805738
2024-07-21,43.39349748563766,-5.88782220311463,33.40196620543798,15.842895677837234,10.229411424279212,-2.575033121593296,16.68905589938164
2024-07-22,35.18753025978804,-6.170313759838542,26.465976565936582,15.92413973891052,10.489018662427862,-2.6249076619297265,13.05788666566213
2024-07-23,38.38895598105589,-5.09444170206661,28.693507444839923,16.455736166592068,10.798606181343397,-2.4943357178072136,15.484766623973847
2024-07-24,36.75233497724434,-6.110119457135599,27.68935957193375,15.916412564287585,10.48076427252094,-2.6517160943970084,16.012750018835067
2024-07-25,34.62732857362429,-7.93110892304033,26.1471759381642,15.140975077261528,10.06368727566302,-2.985528518379976,11.659454945127168
2024-07-26,32.95740861835579,-9.817316331066191,26.21488876080451,14.454563278386992,8.610086263192198,-3.292056211687314,10.941740042567254
2024-07-27,34.76607428451379,-9.312796657897533,26.970325882826003,14.655524026155474,9.441700245415172,-3.0745950509458777,16.01729250351588
2024-07-28,32.29142849067847,-8.567858696203679,24.70645952627063,15.094503245433174,9.585654371539752,-3.070444518104195,20.52806081374486
2024-07-29,37.86172188272079,-8.796166381972531,28.80930541401108,14.819916758199534,10.42552284639577,-3.058128966687868,15.623806654612224
2024-07-30,33.179153378953536,-9.11445157875369,25.553652049005034,14.812080735832454,9.6076964776814,-3.1449501349118845,16.51742834488551
2024-07-31,37.70657486457626,-9.46879949435095,29.16186085393032,14.485417504151664,9.795825604354343,-3.145018175702542,16.4156500740846
2024-08-01,33.7449879480948,-8.531616493519396,25.541562924633425,15.115834591182573,10.201745344117285,-3.138826382640749,11.168470058639842
2024-08-02,42.19539601516724,-8.875020071864128,32.334520149230954,14.647688127040864,10.54924918270111,-3.113719020634889,11.13608003616333
2024-08-03,40.54717836809159,-8.772214281953872,30.76184169322252,14.79673525825143,10.724043972174329,-3.107731343861669,12.372627472877502
2024-08-04,39.221265124956766,-8.778224729742854,29.847072175890208,14.88173408058286,10.571926038955649,-3.124469591282308,11.872623320023218
2024-08-05,41.35165573207538,-8.84433975434179,31.514969544212025,14.740686054219802,10.682227433621884,-3.1056220489343005,16.512885734637578
2024-08-06,38.98825509953499,-9.07874762983372,30.09089278479417,14.72332718913754,9.980779942388336,-3.1574698046445846,19.717586404482525
2024-08-07,36.175152207329866,-9.108620467789471,27.938070484238366,14.7115187266469,9.779044524624943,-3.085141511388123,19.147930767536163
2024-08-08,34.122542212168376,-8.387993482951074,25.985669990057747,14.97456892203788,10.104959625288844,-2.8216161305805048,12.229044957558315
2024-08-09,39.32646361470223,-8.129633467337738,29.02670662994186,14.918519740710655,11.679656293253103,-2.6557305639075737,9.547719165285429
2024-08-10,41.90084062306087,-7.883025268543512,31.703098709583283,15.141029483497144,10.95308255493144,-2.8840103447052337,7.389504979501168
2024-08-11,34.60512913111845,-7.150018460493535,26.024178730050725,15.672571528863784,10.59387756228447,-2.819574884554992,12.822071680227916
2024-08-12,31.53706532456477,-7.228064700227232,23.552895077578725,15.68046194205992,10.456000854094825,-2.794535547117392,13.891863221327464
2024-08-13,31.176160531282424,-7.450451669447124,23.480495962550247,15.61271315936558,10.179612547030052,-2.8071912964036065,15.734670051733652
2024-08-14,29.761698646893105,-7.582412629192074,22.799767107168837,15.58370910847684,9.499935002595189,-2.7181247476153074,18.75431344985962
2024-08-15,31.76427724929651,-6.410552658068638,24.334819724435608,15.962775576346866,9.687791969925163,-2.454939576844374,20.65762084086736
2024-08-16,31.91975533483426,-6.602977050072204,24.870478263559445,16.038033823985607,9.16576552283764,-2.5751011563005544,17.485507475137712
2024-08-17,28.546367840265237,-6.831374453713497,21.950401238600417,15.60493157526354,9.298381161361933,-2.357503919554253,20.61614599029223
2024-08-18,31.242841350396475,-6.308554286234081,24.088621666083736,15.775201311108969,9.234794546251496,-2.301573659626146,24.487672537167867
2024-08-19,40.62471023885409,-5.521273945500454,30.564000322620075,16.047720011092725,10.95879714420438,-2.063359789557755,17.948513213793436
2024-08-20,33.684105392600095,-4.746104226237784,25.172164133439463,16.774889910624054,10.798696926355362,-2.117044642560184,16.883264125982922
2024-08-21,32.76879711012045,-5.413085711520165,25.331428828015927,16.504112596154837,9.19325013460219,-2.380365933440625,21.25986428419749
2024-08-22,39.625905937751135,-6.188434834445516,29.591229925254986,15.666966555024189,10.80667926505208,-2.1190859068358936,15.910839981039366
2024-08-23,36.61905606019497,-6.254191049045573,28.792462010110416,15.980025684908034,9.021811396713058,-2.5896620781421658,7.704319956302643
2024-08-24,42.233830700476965,-5.881722032106171,31.541185436745483,15.96854375713567,11.552936723212405,-2.2682332463661825,7.422026674797137
2024-08-25,37.91746854637066,-5.551236528063814,29.410299995789927,16.591124844909338,9.43389935348928,-2.703427764470378,12.84498163640499
2024-08-26,34.88253778728346,-1.8681712380200628,25.6525387703379,18.31226959170153,11.110733609025678,-2.098401234750946,19.509290018081668
2024-08-27,31.059862483213347,-5.100541851686935,23.905178759197398,16.78468491506763,9.196152753084895,-2.440310624351104,20.08822839260101
2024-08-28,31.88098931551973,-4.517886242300272,25.03945495083928,16.96823234408225,8.94743051536878,-2.440242599782844,21.12095578511556
2024-08-29,30.46603048196435,-4.980332703414063,24.1682878923292,16.726622331238044,8.46123384740452,-2.4465704500923557,20.430825090408327
2024-08-30,31.80337459274133,-4.92022811056301,23.77477880259355,16.492739482880882,10.248823049654565,-2.1813440292403103,20.162488346894584
2024-08-31,30.854601311633985,-5.827897054029008,24.12258002370596,16.20258983838993,8.900443641349673,-2.4466384827718137,17.934754196802775
2024-09-01,30.11672213445604,-4.535738176657508,23.62278129210075,17.1247890930865,8.660157240311305,-2.5587031331111985,17.11493159810702
2024-09-02,34.13347624913851,-4.193680323623121,25.363009987175463,17.095785001248743,10.461534104729692,-2.212575169878701,18.90711240331332
2024-09-03,35.7980119564732,-5.719529376283288,28.29062580018304,16.291289016149317,8.571444464618962,-2.60000441215684,20.634645009040835
2024-09-04,38.05596576539676,-4.6082225419233245,28.60908715159322,16.600810997554415,10.773389254122971,-1.984295372858644,20.963416641553245
2024-09-05,32.78544651919604,-4.097333581558119,24.32510738561551,16.995168593125417,10.632882075980309,-2.1044569543426235,16.535993317763012
2024-09-06,32.02528489937882,-5.088610652593276,25.2373640631636,16.656914582279203,8.70986545905471,-2.41976204195867,19.940037438472118
2024-09-07,28.707313003535077,-5.226761498545607,22.47634799957276,16.71693616480815,8.853456745704015,-2.3761473435858886,19.953796675205236
2024-09-08,29.683917946065467,-5.28085562489306,23.14980959395568,16.67819149625053,8.72084108555317,-2.376215372209748,22.85303081274033
2024-09-09,38.81596169352532,-4.397946207541972,30.288734214094777,16.931446671385938,9.547012589186432,-2.152426324151456,23.959820830821997
2024-09-10,31.12646058608592,-4.595663379213463,24.515749641756216,16.964314328438913,8.635303163379431,-2.450720991045237,20.32904666264852
2024-09-11,38.056131380558014,-5.347060370037954,30.071468779146677,16.3108245819062,8.839578316897155,-2.324503710247576,17.925339927673342
2024-09-12,40.07560801720619,-5.154994833483051,30.78099413285653,16.256680010881897,10.130176476816336,-2.1689604796171187,8.945475874990224
2024-09-13,28.363554645021757,-4.631726127438248,22.2543281818678,17.13267950344458,8.731816852624219,-2.4775294316237173,16.267459182739255
2024-09-14,34.438634151657425,-4.0253874700566135,26.808480484286942,17.037776821222156,9.414306367849312,-2.3263408521513145,15.35520665963491
2024-09-15,31.326171509464583,-4.770056379726777,24.2889759007593,16.736254088188833,9.00267190905412,-2.3036829606369134,17.684719425837198
2024-09-16,34.92138685857257,-4.974411962803454,26.938812473484628,16.693482574893782,9.502747005825242,-2.314025298707187,16.73533661166827
2024-09-17,38.16704537077745,-4.728252302574615,29.79171996419008,16.714868348366892,9.065895598183076,-2.3409017557427285,17.795582446257274
2024-09-18,38.33362319731712,-5.960216831793388,29.564674554963904,15.995480003340791,9.87310910418133,-2.251767168191572,12.141025829315184
2024-09-19,36.55809061565498,-5.821796875,28.50042035174246,16.154213413692393,9.18771691640715,-2.45078905616949,14.146375056505205
2024-09-20,30.699288984437786,-6.813163661234081,23.393562482390557,15.637908086142197,9.508461541031798,-2.3574358787635963,16.383260130087535
2024-09-21,38.37793897851308,-6.5245719441957775,29.90500486890475,15.804205413082617,9.337113515714805,-2.378188583528002,10.4044083327055
2024-09-22,36.69675359302263,-5.280855616872509,27.78118294359496,16.30119283265869,10.384159827450912,-2.112894138107697,15.142104285955428
2024-09-23,39.35429541436832,-4.247684753486266,29.56236540993055,16.885138086239497,11.063837307006125,-2.1190859149470924,13.224839937090875
2024-09-24,30.7601713967522,-4.10944419233501,23.95828961970595,17.267850485868134,9.043944193800291,-2.3512440897574027,18.055031674702963
2024-09-25,26.34391229446729,-2.8415963185541333,18.74303663340708,17.69534783940514,10.958797079324723,-1.963882876103123,19.449118254979453
2024-09-26,25.905641215960184,-3.0278308243503176,19.928114641221864,17.797705577903738,9.179553174192709,-2.3118479650169608,24.112554206848145
2024-09-27,35.31517639260491,-4.578349687926472,26.750751182412102,16.815430328766507,10.425522813955943,-2.121127175167203,24.761078299681348
2024-09-28,28.785093546370664,-4.577990835151325,22.683969179491204,17.043708233691753,8.571716656401753,-2.3801617989018555,21.89890831073125
2024-09-29,37.63442707141241,-4.746642477328579,29.94826784794529,16.98570008407285,8.651630680248141,-2.4175166674777864,13.354399964213371
2024-09-30,41.26302428817749,-5.989999999999999,30.24974968910217,15.761706029891968,13.00272786712646,-1.7713929283618928,13.469739656448365
2024-10-01,28.95167112604777,-2.6434306591140726,22.28590964059035,17.932985414963838,9.165584032813708,-2.241492866856356,22.07975252310435
2024-10-02,23.752885728915533,-3.628607511017472,18.409837512063486,17.455424745835366,8.52182710983356,-2.382203046955168,26.192031762599942
2024-10-03,26.29959637749692,-3.8088315743717054,20.42995085671544,17.293099829827124,8.789870195473235,-2.309738668061793,27.340691571235656
2024-10-04,30.9322163429906,-6.554803683049976,24.112664183434102,15.72296132687231,8.76220410449803,-2.378324669164916,25.131522331237797
2024-10-05,34.79920758624872,-6.48285759828364,27.31547827772796,15.680353099991878,8.762566987226407,-2.268233250421782,27.799023230870564
2024-10-06,36.25839973902702,-6.086077623203397,28.43528824369113,16.059473992747566,8.872959029585124,-2.2414248503992957,19.76873924652736
2024-10-07,36.55245794004202,-5.02258531378458,27.62171463320653,16.52163476265284,10.66853048402568,-1.8890370492587485,23.556920901139577
2024-10-08,30.33299996050199,-4.806208827109387,23.34289649426006,16.790289821199455,9.309356777047118,-2.1358921970749893,24.260876692533497
2024-10-09,37.51224779415131,-5.0346062548123305,29.096457003771015,16.43054125562745,9.436348430737851,-2.040429734880725,14.600164215763408
2024-10-10,38.07261526334286,-5.641841965263089,28.768419588903587,15.939485247304663,10.92831917975843,-2.007157366467019,12.979215821027756
2024-10-11,33.86161710552374,-5.136784030309568,26.55766411157946,16.678191504359248,8.93083090403676,-2.3555307001248003,20.477105834086736
2024-10-12,26.16093343222141,-3.5384506605068844,20.265728309303523,17.45362899543966,8.886746680940192,-2.247616635349889,25.812370853424078
2024-10-13,25.11209798769156,-3.015989289658765,19.20154189536969,17.74551999665921,9.25955792142451,-2.08384034332633,29.165394260088604
2024-10-14,24.38506976588567,-2.8953316349027056,18.75994778611387,17.937066675667342,8.98335107194384,-2.35546267555654,30.318399381637573
2024-10-15,25.64471607969205,-2.492989788028101,19.12662996282181,17.876990661360324,9.845261663754782,-2.0030748825271925,36.26499228000641
2024-10-16,27.714307151198387,-3.4903669899689653,21.590782473804428,17.44203824708735,8.84248100025952,-2.206247291179994,35.899222421646115
2024-10-17,26.66571983070672,-3.9712036846540872,20.69543704460065,17.20603315943045,8.745967343454561,-2.1999194043700894,28.688234187761942
2024-10-18,23.431078049495813,-5.112652497219543,18.354349583139022,16.192794827864816,8.646188174625237,-2.181207971992592,31.994976568222043
2024-10-19,29.63951935728888,-4.962301309250296,23.00270201240977,16.451818170004216,8.908698096136252,-2.127318960117797,31.69405239502589
2024-10-20,30.08334033838908,-4.073381454804292,23.71467243179679,17.21582816346859,8.682199346452952,-2.1751522524009146,27.57690165360769
2024-10-21,31.38167003673315,-4.818498878978193,24.74761694977681,16.65887356597744,8.933642907266815,-2.1790986872042217,28.74847181081772
2024-10-22,23.8917142992268,-5.220751040062557,17.61595958456397,16.359092171428106,10.049990326066814,-1.9118990509783227,28.52621826251348
2024-10-23,23.924764706979197,-4.397677075312783,18.12268582413594,16.819348337111997,8.867335066378116,-2.191618346797923,32.06436502059301
2024-10-24,24.20805492560069,-4.601942927149435,17.35285040487846,16.335801840358727,10.53890833875537,-1.8723668324897684,33.14811303297679
2024-10-25,32.71868274932107,-5.737560767773538,25.724869964007908,16.088206000700595,8.756943045645952,-2.2041380145028238,28.350311914285022
2024-10-26,33.822768335406984,-3.7667583649903538,25.98560208944604,17.134475265597924,9.869934326355656,-1.998788264048596,23.255930930773417
2024-10-27,23.847150053322316,-5.857769913372895,18.09348177842796,16.258475743032992,9.15197779578964,-2.0568277763202785,26.30329019387564
2024-10-28,24.4519989781181,-2.2706028054406246,17.625467870372038,17.9329854032062,10.577549904843172,-1.928501235067844,27.0352247563998
2024-10-29,23.575373816033206,0.811596082737049,17.982845394288503,19.9209350985388,9.146353908275564,-2.100510531706114,31.69398666063944
2024-10-30,23.014757983346783,-0.8765353061892092,17.910310449699562,19.184405503642434,8.59094685122619,-2.301573653542747,34.027909971872965
2024-10-31,30.74352207901577,-3.8269526569992314,23.20550122977545,17.57720924491746,10.052439457381766,-2.1645377390012146,30.26764169931412
2024-11-01,31.808675749202568,-4.854023368091633,24.96508626366655,17.163479330271482,9.049477433621885,-2.2352330370595057,19.801195050477983
2024-11-02,26.704320170675715,-4.842002445778499,20.859591718725863,17.142311250664914,8.839578349336982,-2.280752914071083,22.72794750452041
2024-11-03,30.893284762824575,-4.295230138177673,24.14899953002731,17.475014750668162,8.81218439607819,-2.3181758315488694,24.6916899728775
2024-11-04,23.630623649011056,0.204898650112251,18.19270787226657,19.944225423526643,8.92847249610722,-2.2663280798941847,30.35566117286682
2024-11-05,24.76278971424202,-0.0719412260452905,18.84912251373132,19.886162822668755,8.922757874394458,-2.2642188032170134,29.48020904461543
2024-11-06,28.424437133863574,-1.3814137893567482,22.11442005887628,19.149524418950083,8.781615762313207,-2.328518169619143,30.170471773147582
2024-11-07,34.52179887330532,-0.720442765230934,26.66639876447618,19.396957000979537,9.668471046308676,-2.260136286832392,26.49302173296611
2024-11-08,20.97871444896857,-0.5160871821542581,16.088174112923443,19.43156597786645,8.731816798557839,-2.3615183829814197,26.25240066607793
2024-11-09,19.769182273785272,-0.8586832862794401,15.01909788946311,19.27299584338814,8.803657836015025,-2.336683190221588,33.44442933241526
2024-11-10,24.93458599087596,-1.9701695456902188,19.162897557572773,18.73568566669586,8.922576449250181,-2.2951097155685223,34.32909745931625
2024-11-11,23.231284298787514,-1.7118992479493222,17.669002518653873,18.97348649177452,9.154699054007729,-2.525158590381965,28.75314576427142
2024-11-12,17.827486039261025,-0.4564312187681592,13.269224917093917,19.37774790304403,9.082676721165578,-2.1688924185484644,33.30552064498266
2024-11-13,21.588947643915816,-2.288544465690852,16.491327486025792,18.49587141681587,8.889467906718453,-2.264218807272613,30.26283612012864
2024-11-14,31.298091188311577,-1.621473278577129,23.224653782757624,18.669732657101623,10.674154360726476,-1.9989923701981704,25.395579998493197
2024-11-15,18.759526659359533,-2.7209386103277406,14.05108156517148,18.225148496824627,9.071882411678631,-2.156644926172991,29.08665746132533
2024-11-16,21.63342925751209,-0.9427400780692694,16.066440972362958,18.969677330362305,9.2680845139275,-2.127318960117797,32.93514247337977
2024-11-17,21.638979093452296,-0.3958780659635861,16.025554997473957,19.157197171930846,9.336841432064771,-2.005252224328617,33.7409426466624
2024-11-18,29.50632326510052,-1.3755827425569296,21.79351375867923,18.56144349883559,10.411916663438085,-1.7667661708196003,31.485690337022145
2024-11-19,25.73367923035721,-1.3937935724655786,18.68503590113173,18.685404656832414,10.212811845387025,-1.7751352935160198,34.014150829315184
2024-11-20,21.894188482383885,-1.0454560592075188,15.289202399800224,18.70668158337226,10.768309631228448,-1.7315205870320398,33.83804683844249
2024-11-21,21.655545566578706,-1.4537186680808665,16.33674920173983,18.799516405366365,9.057822595573962,-2.0734299634514994,32.79623441378276
2024-11-22,31.891923406799638,-2.384622078200181,24.296242894579965,18.29469300356135,9.975065266609192,-2.040429751103123,25.27977911392848
2024-11-23,21.888638779749478,-1.6696466375788055,16.93774376631404,18.82460250304888,8.524729717502991,-2.3160665264825027,27.850044164657596
2024-11-24,25.472671303788815,-1.1471853255480526,18.75974413184449,18.863129500849794,10.110492843483886,-2.0425390480582912,31.050202538172403
2024-11-25,22.25476187747717,-0.7507642139370243,17.08247417065005,19.093366421502708,8.712405216435592,-2.197810131748517,33.875242581367495
2024-11-26,23.83074898552398,0.0004534240216017,18.018909190048777,19.46280115674809,9.188079799135528,-2.0630876223395265,35.89902490456898
2024-11-27,26.66547133390605,1.5509721753100558,19.208809275788568,20.058119484275583,10.878792418599131,-1.7233555948187906,36.76512837251027
2024-11-28,26.432709748506543,1.4788466949015855,19.73733662231515,20.305769750441115,9.831473958333335,-1.893255643169085,35.005337479909265
2024-11-29,32.64661784273386,0.0965309830605985,24.067227901065102,19.37774791642341,10.641045764128368,-1.818613926529884,35.61185993671417
2024-11-30,33.80603643226624,-0.6548661601543406,27.12178022384644,19.009728014945985,8.626957887887954,-2.0685989953279496,35.92153896331787
2024-12-01,27.7308736243248,0.5412151501576107,21.139408395836757,19.76252817141513,9.226267997001608,-2.0610463702306148,38.15901724735895
2024-12-02,27.986000294546287,0.4331166794995469,21.197341301379105,19.90161718083421,9.30636342436572,-2.1046611051037907,32.29576908429464
2024-12-03,27.03200880773862,0.2406923169046639,19.78793463038901,19.49942357141028,10.470060621539751,-1.8745441621243952,31.68931229909261
2024-12-04,25.06214935807884,0.2949658068120481,19.283381851011267,19.8668993193085,9.080136877278486,-2.0943867997129755,28.02601656119029
2024-12-05,35.63673540488879,-0.2818587317131458,28.394062965114912,19.688848017200208,8.502415462831657,-2.4030918292452887,19.518572378953294
2024-12-06,31.15967667318384,-0.9431885925730064,24.798282899955908,19.46851490129903,8.739980573212106,-2.274629157744348,24.62210419178009
2024-12-07,26.51024163901806,-1.2612046517779427,20.13797706454993,20.32318311906358,9.381016356920204,-3.806179045391735,31.050202538172403
2024-12-08,27.248286690562963,-2.246740353782972,20.4973920844992,20.15492672855407,9.64633826003472,-4.533612496349961,33.78715749899546
2024-12-09,33.56747591918707,-2.655361820778499,25.826133818527065,19.92496191246311,9.53875816683968,-4.537694998539984,33.72685414155324
2024-12-10,35.109832605997724,-3.292111591268331,27.064526223217445,19.454910759363944,9.397797479902705,-4.506599953550768,27.04430997689565
2024-12-11,29.589405179167787,-3.874946615011742,22.85545876019324,19.284804259659104,9.35344104339679,-4.587433449183901,28.67901743570964
2024-12-12,31.048597176422675,-2.649261655117075,23.8159363313516,20.075696073226634,9.469638463293514,-4.531503206365354,26.59506341218949
2024-12-13,36.130670576453205,-3.13009834712868,27.993694127351045,19.81068691765269,9.582842422376077,-4.504422622775503,25.520663369496663
2024-12-14,29.94451162983477,-2.757360184592505,23.35009585211675,20.263161484638854,9.027707443570096,-4.689087708495557,27.813045876026155
2024-12-15,27.43689805314938,-2.6131091809992992,20.912634586021305,20.22082532380397,9.30645412612458,-4.637171911994616,31.216958308219912
2024-12-16,24.468482799187303,-1.826097991209477,18.21199614753326,20.429676485579463,9.5553577781717,-4.498298870757843,30.628737384478253
2024-12-17,25.87225930880507,-0.8166998428938288,19.00105214081705,20.903210324971628,9.900593705132604,-4.419506624825609,29.901476618448893
2024-12-18,28.973704913894338,-2.10858954793339,21.551866212238867,20.3194283460478,10.21825428613027,-4.371809411462318,30.378636690775554
2024-12-19,32.984909192636614,-2.4509165920143325,25.41849797125596,20.108509343099477,9.618762870818378,-4.601994374067212,32.082930056254064
2024-12-20,28.463368913988276,-2.3067552341086173,21.40000462390793,20.421840478618943,9.834376598442594,-4.676568042818457,34.829365083376565
2024-12-21,30.593759372989336,-2.7452495738156144,23.280277624229598,20.125922673205537,9.73468817462524,-4.844358787116284,33.28715337753296
2024-12-22,30.138838685447976,-1.201189784819881,22.831348371580244,20.95947719367842,9.975065288235744,-4.724265238311762,33.45364570776621
2024-12-23,32.568920114884776,-3.8086521413003407,25.16014293396846,19.756651169640943,9.27869734420379,-5.092983045170705,32.48563246885936
2024-12-24,32.09734994667769,-1.5916004459684094,24.023557538595053,20.961381788169344,10.190678961793582,-4.773799584833905,35.009880247116094
2024-12-25,34.97663668167591,-1.945858576855312,26.70945800170613,20.61142816460381,10.03874250778556,-4.792715162903071,36.47315719763438
2024-12-26,34.34975398384531,-1.399445188867549,25.850515871321164,20.907237129976355,10.42262020628651,-4.641458540612211,34.634564148585
2024-12-27,30.38833259612322,0.3974127011708916,22.31470621178548,21.59174440247317,10.82609086880088,-4.37623212356229,35.49131939570109
2024-12-28,33.412163488308586,-1.730110080531488,23.572047515188657,20.385109273379047,12.055642289936545,-4.2620582080788445,35.71370391050974
2024-12-29,29.69510044774413,-2.649441077494373,22.10233081508428,20.19372582970063,10.32601582609614,-4.792715162903071,35.097833609580995
2024-12-30,35.22646189920108,-3.6825222283552095,26.914634124549725,19.501382594030357,10.0966144254903,-4.724401326990376,31.92084839661916
2024-12-31,36.080722398598986,-3.640628476106872,28.08517791600277,19.61745332747884,9.334029482901096,-4.910631373961767,30.276726919809978
2025-01-01,32.779730969349544,-4.673799334146083,25.075790437093627,18.905846570203703,9.666021958246828,-4.612336706054086,26.40506830771764
2025-01-02,32.72448103022079,-2.318955578799049,24.74028203915184,20.3097421897538,10.27621688396732,-4.612268668305129,32.42098423798879
2025-01-03,30.14438858310382,-1.0089448044995468,22.78536868393421,21.233900431392097,10.105050305421154,-4.972821465714524,35.06076933542887
2025-01-04,29.83923054234187,-3.147770883170267,21.926290678953134,19.9210439118209,10.60521603907148,-4.989627745814621,37.31635081926982
2025-01-05,32.513587716251614,-7.1560288868943855,23.68078205068906,17.451561177782093,11.08851006692648,-5.026914577655494,37.4413024075826
2025-01-06,35.63714974396428,-7.276058650219192,25.73227290427933,16.95854616670559,11.795944404095414,-4.604035625162224,36.30646735032399
2025-01-07,36.069871030966446,-7.047661259945482,26.68072922030464,17.279495664376768,11.14112093659242,-4.742976700092355,35.519298386573794
2025-01-08,35.681465599219,-8.778045259242257,27.264744589875143,16.40741416678019,9.944859353373449,-5.010244377108912,32.513611585299174
2025-01-09,32.685549558674296,-8.729961647521705,24.885284070729583,16.459654172504944,9.848164314677318,-4.879468293378129,29.929324266115824
2025-01-10,26.21063345394532,-6.855506013538689,19.064078769236804,17.339517246500282,10.237484464734791,-4.929410875519117,35.639641661643985
2025-01-11,30.920950727621715,-6.0562047397978604,22.0541100626532,17.80543274644514,11.842931224048138,-4.633089414874092,37.7003566646576
2025-01-12,37.4954326958557,-6.621098140720278,27.276901619918647,17.517514165077362,12.138458899825812,-4.616487243965268,38.71939071178437
2025-01-13,37.93395255752405,-3.526429754234851,26.95810080036521,17.95056201121273,12.812784759342671,-2.869245295422152,38.43242300987243
2025-01-14,33.634156891355914,-2.8953316215351226,23.367007056943454,17.496182836356265,12.995108443597957,-1.9532683748702209,37.77000811735789
2025-01-15,38.35549096761644,-1.3513615076355636,26.80848046809435,18.42050432467647,13.680137759457033,-1.8705297149196267,40.08556422392527
2025-01-16,36.95718177765608,-0.6663486789862318,24.918903006762267,18.609819924749434,14.636294355968635,-1.6733449445118505,41.79459749698639
2025-01-17,36.14210155765216,-0.822530876326064,24.226152817308904,18.45908575830981,14.38194828480482,-1.5927836182514823,39.82157266775767
2025-01-18,37.27923771441976,0.0965310151427982,25.38963331171622,18.818671093011897,14.594659350693226,-1.5761814544399575,37.14939740657807
2025-01-19,38.18916180327535,0.7517606034005682,26.246334244739263,19.30804016503195,14.296319595992566,-1.5678803887565929,37.15407164255778
2025-01-20,39.75380072536071,1.5388615297774468,26.716996823151906,19.41431592363368,14.94279789613684,-1.3565429757237435,37.20035254319509
2025-01-21,42.2894117316852,1.9716146581918004,28.13856041083733,19.505409401062256,16.128174273471036,-1.14500145248572,39.09437732219696
2025-01-22,41.75107781582077,1.8212634114051856,28.71272799154123,19.679270670539392,16.945728569348656,-1.501743864228328,39.81689843177795
2025-01-23,31.964319662203398,-1.6577154331381123,29.05312624556323,19.857104314864923,21.756444667816165,-3.86,37.91813311735789
2025-01-24,30.682473792334395,-2.8415066327638923,27.993694175928837,19.226796092201024,21.756444667816165,-3.86,37.76526820977529
2025-01-25,33.734219494193795,-2.264592320222408,30.23100493448476,19.54970459384223,21.756444667816165,-3.86,36.64465362866719
2025-01-26,33.29569976089398,-1.8321981622179349,30.03995554387569,19.793327996620288,21.756444667816165,-3.86,37.72853329817454
2025-01-27,30.88773486023148,-2.6369716032482686,27.92604924124976,19.296395014498383,21.756444667816165,-3.86,36.95505730311076
2025-01-28,33.21800208982329,-1.8738228330338995,27.30338914019987,19.07981665661186,20.97181766233842,-3.2423857901742057,35.315544390678404
2025-01-29,41.05768003746867,0.0125639599400261,27.85113710730647,18.58092468146669,15.224719313263895,-1.4062133693546055,31.77272352218628
2025-01-30,60.03769487762451,1.076146139621733,43.34027991294861,19.102453988790515,15.72180102491379,-1.4725539797544485,29.475139083862302
2025-01-31,37.77855701295535,-2.8051747523099184,26.59841403223574,17.718366084562614,13.580630728344124,-1.7977931606968245,29.480209295749663
2025-02-01,37.06834392400582,-4.703851610520234,27.291300073514385,16.728581334802634,11.72682468973597,-2.175084223777056,26.56721589008967
2025-02-02,33.63390829827885,-2.757629322168728,25.02254377687971,18.05313742087347,10.925597964793443,-2.404997011939684,28.155774230957032
2025-02-03,36.15295278457304,-2.0422053670436147,25.908312809666,18.267702338957537,12.384278638005258,-2.295381874675552,31.633880945841472
2025-02-04,38.77727838798364,-0.2216644905010857,26.895617526620622,18.894092575980352,14.10011743967732,-1.6881099948088327,35.148788243929545
2025-02-05,37.16277408575018,-0.6844697910224399,25.543872012992697,18.584788253574324,13.757512090802194,-1.7294112779100734,35.2925025733312
2025-02-06,41.39042164770762,-0.2456165878462294,27.93786676519861,18.50153074053551,15.291117845098178,-1.3938978524108727,36.08421405315399
2025-02-07,40.813487643674016,-4.638364552211017,30.88721597633014,16.573820329301682,10.837338687082132,-2.04253905211389,26.19203157424927
2025-02-08,35.28767591213187,-4.541658933309217,26.183647107233607,16.730431511300306,11.182393156458936,-1.864542052341004,26.9747900557518
2025-02-09,29.06241937273741,-2.3005653853304686,20.76525542682348,17.960193747080865,11.624777641723554,-1.9948418576344848,30.46211320877076
2025-02-10,37.07944387237231,-2.3666803671531382,26.499799203804383,17.886731249026955,12.48950026920438,-1.880735955186188,31.434405649503077
2025-02-11,38.66653036840757,-5.034516544960439,28.954171713689963,16.387987409034746,10.798515501211089,-2.096496088556945,25.10828337351481
2025-02-12,36.44701103742917,-4.866223715455582,27.692008364746968,16.78441283726444,9.983229030450186,-2.43847351894776,26.06233995278677
2025-02-13,37.989367931604384,-5.377112675820787,29.33063365822037,16.463626567219695,9.721354064504306,-2.4694324680343267,26.2938759247462
2025-02-14,29.8060144034028,-4.121016576082757,22.2592862128218,17.169356332451105,10.28719261859854,-2.3926134217604997,28.012257544199628
2025-02-15,36.02538953586419,-2.5710360037001467,27.008970528282223,17.631462671389183,10.779103908275566,-1.7211102203379074,26.201248451868693
2025-02-16,31.18742569983005,-0.6483173035370808,21.90218041229062,18.69704984142259,12.019812456746898,-1.4247887607067824,29.00304934899012
2025-02-17,32.38022589534521,-1.2191314370495576,23.07258820365493,18.408804752906164,11.873409242560468,-1.7439041650444267,30.63334613720576
2025-02-18,32.09743271969756,-1.6518844130734605,24.05004501029849,18.493857991609104,10.671433053848643,-2.118949833365778,28.91048767328262
2025-02-19,33.584208229651054,2.728573464666804,25.54156283557415,20.949736590199795,10.002731341364484,-1.818545873572429,24.858380196889243
2025-02-20,35.148929909944535,9.848903328200182,24.544749948183696,24.21185250467062,12.975696969608466,-0.6455075477013984,28.71614763259888
2025-02-21,33.83378520217538,7.661365642110507,23.666179989377657,23.297271618207294,13.000369534889858,-1.2611485380977392,28.151034072240197
2025-02-22,36.44717685748637,8.454835788846017,25.51989740637441,23.81341366988421,13.055883077104887,-1.592647512336572,31.31880247036616
2025-02-23,37.70110779671868,8.064425122350455,26.13997660915057,23.523481640199822,13.459172357728086,-1.669262448405226,32.38859394868215
2025-02-24,35.8477950326403,6.574100609600545,26.017047494947917,23.179133047640324,11.862161424279217,-1.971911798901856,30.007994828224184
2025-02-25,35.05458287670215,2.746784230411053,26.975012205575283,21.29392200581233,9.817686317791544,-2.311915981474022,23.631180855433147
2025-02-26,30.96534933614731,5.21008545088768,22.68661780228217,22.668650243461133,11.01939021199445,-2.189577098744611,26.919160745938623
2025-02-27,34.53281580672661,6.706330690880617,24.17786416679621,23.08259783940514,12.906395678718884,-1.650755101899306,31.332627347310385
2025-02-28,38.66089779400826,-6.344347936985393,29.224547879099845,15.345745001037916,10.768128162831069,-1.924350661670168,24.135859275658927
2025-03-01,35.98090782352289,-13.080367227499684,27.8898495471105,11.64867667756478,9.444693652162949,-2.297491163519521,20.22233087301254
2025-03-02,39.93106413650513,-11.32513383984566,31.1772200870514,11.863295855522155,8.561647950172425,-2.367438041269779,18.694800662994385
2025-03-03,33.80603601753712,-6.554803645620744,26.57443949443599,15.691998239173245,8.726192900230489,-2.4695005007137856,18.80072597622872
2025-03-04,33.76188582681616,-7.179622192955265,26.42733201814195,15.156375000000002,8.977727130363386,-2.3512440857018038,19.180649979909266
2025-03-05,33.48439417298635,-7.432061481325577,26.0821795746622,15.102230431002878,8.894819710582494,-2.3741741282120343,17.494724258581797
2025-03-06,34.17804045801362,-6.915162033068637,26.61063913797339,15.458061014582716,8.988702843368054,-2.392681466606756,23.510508406162263
2025-03-07,30.915484089305007,-6.530851534908017,23.997002124786377,15.730688497035452,9.314799325923126,-2.2476846558625496,26.465503510634107
2025-03-08,36.4692931393981,-6.122230078606556,28.278468687658503,15.707506988167763,9.425372728546462,-2.198082286799947,27.18315242767334
2025-03-09,31.414886234919223,-5.755592129855106,24.5497078485849,16.12140017544354,8.963939424941938,-2.3595451676075654,27.72048413753509
2025-03-10,28.46320322476824,-5.869970242022227,21.740267073164382,16.20427673009473,9.35906492009759,-2.237342338070273,26.558130732377368
2025-03-11,29.572838575204216,-4.94444936687251,22.58515038811912,16.637542263204235,9.47526231836776,-2.25387646514674,26.37261240959168
2025-03-12,31.969869463582835,-6.254549869738519,24.674946290999653,15.87353223892674,9.28441203079621,-2.2455753791853783,24.325656549135843
2025-03-13,36.50275793806712,-6.398531751796604,28.565552534684542,15.765515169410657,9.060543870011967,-2.448679751103122,24.534282674789434
2025-03-14,21.72777651786804,-4.986432885116587,16.493568798759956,16.56217516376699,9.306454115311306,-2.307765464854737,26.73397184848785
2025-03-15,26.76023279756308,-4.595932498075068,20.384174965024,16.836816096158078,9.220644001354774,-2.3160665508160987,24.872270745436357
2025-03-16,24.89010444146395,-3.063714174259454,19.06869726171096,17.554082155259326,9.0883005870531,-2.222645336675147,24.422958257993063
2025-03-17,29.85041296749314,-5.449148443703851,23.248899993846816,16.444199818799273,8.98598159596324,-2.2911632726540168,24.88135584036509
2025-03-18,26.726768055672448,-2.330886753831059,20.10150577302401,17.81332316977717,9.770699346452952,-1.9511590900818507,26.60908574342728
2025-03-19,26.70448574880759,-3.111887568016847,20.067955069045222,17.314431148817764,9.75682102577885,-1.864201856498917,28.10475354830424
2025-03-20,25.74453050665061,-4.127206454269588,18.8974112290144,16.834857068267343,10.174079372088114,-1.9574869687805567,28.49843672593435
2025-03-21,37.04067768025399,-5.407075253037115,28.435288361087444,16.05550157532841,9.925447792877756,-1.8559007502595584,28.373287620544435
2025-03-22,35.97013967820009,-7.245737257656952,28.14569160545865,15.1233985033116,9.066167725086212,-2.2041380145028238,21.64439675807953
2025-03-23,33.961348571846884,-6.446525712482631,26.55766417634984,15.699779822058977,8.712586630766591,-2.3243676246106624,21.10239087502162
2025-03-24,34.460916394338014,-5.521184240995596,27.09339088427524,16.200576423724495,8.947158410092195,-2.237206256488959,25.11302328109741
2025-03-25,36.003355876386166,-6.590687006223948,28.41348697885871,15.900795032418644,8.560650220011672,-2.500527510869006,20.217788388331734
2025-03-26,36.26411506175995,-7.203753766148041,28.89134865452846,15.634098955137658,8.262129061793289,-2.591567248669763,18.643054924408595
2025-03-27,35.78691229446729,-6.410732083119452,28.42068621375288,15.83310065312187,8.47474940429628,-2.415543472381929,25.67800499598185
2025-03-28,33.09631993206342,-6.27222240310659,26.1593328730762,16.26446159092958,8.450076741695405,-3.103648845727245,26.715340701738995
2025-03-29,36.95776138134797,-9.625430198173971,29.48032206466732,15.957007401639595,8.499784927998979,-5.128228620847066,20.20870335618655
2025-03-30,21.03404705496629,-6.098547097449502,16.211171160123,18.13432707895463,8.676756905709704,-5.051613707084209,21.32023321906726
2025-03-31,21.96617074185113,-7.552719173510869,17.234675454832615,17.823009334990754,8.38921140642961,-5.346098043061793,20.639319182236992
2025-04-01,36.45827652689815,-4.223553223069757,29.156902875602245,19.395052401623374,8.416696083073814,-5.260977912854403,18.680316715637844
2025-04-02,30.033391851956647,-3.400210160846512,23.422562957828244,19.920989523829896,8.643376236274838,-5.146940089724958,25.826393498579662
2025-04-03,36.508142109473546,-5.262824241423359,28.724884958838427,18.822589090816056,8.770640049308538,-5.070257118949045,20.301133280595145
2025-04-04,34.710493157029155,-5.6653455320633945,27.3660083356003,18.59844682728748,8.430574457814297,-5.304728694836299,15.7671258242925
2025-04-05,30.17188923391203,-5.533205168655763,24.42657498751146,18.406845741638296,7.712345908477903,-4.796729612135638,15.15132088104884
2025-04-06,31.89208899233739,-4.391397479253511,25.599495832199853,17.641203246487304,7.836706989489496,-2.952256127660473,13.405486695170405
2025-04-07,30.360831997156144,-2.060595579226812,24.136842530344925,18.737590253888943,8.35356307407717,-2.6868936313105127,19.84273576100668
2025-04-08,23.126002966900668,0.4631689799353478,18.224017530183,20.100782210641853,8.151646317675711,-2.494267668905357,21.00976346492768
2025-04-09,26.56590573207537,2.35018373385196,20.74841204063346,20.990331398360432,8.588497649624944,-2.367982339205841,22.950463990370437
2025-04-10,25.60603268527985,2.0496608765373625,19.94971231048306,20.89357857369694,8.701338844925166,-2.2267958695168293,23.98306016524633
2025-04-11,33.3235318617324,0.2170092635626596,26.07980243590971,19.64444399410983,8.834226556286216,-2.0837722984800737,22.413000843127566
2025-04-12,35.70358191816012,-1.3995348773313063,28.420618343502284,18.98513166136357,8.480554727767904,-2.3387244261081017,13.396270021597545
2025-04-13,34.43300151801109,-2.4511856333439552,27.395076683312656,18.449345168616,8.309116022318602,-2.539923627498249,10.78426668047905
2025-04-14,33.606407625253006,-0.2636479846835136,26.999326346119247,19.832127085603776,8.173779168829322,-2.56469080380102,15.934145002762476
2025-04-15,35.498486653039855,-0.2034536632659533,28.191399646128215,19.566954648480444,8.60464370890955,-2.2682332544773813,14.632751661141713
2025-04-16,36.71348597013951,-0.6542380575152733,28.9878582360968,19.36403492106808,8.803657803575199,-2.266191994257271,14.049007424910863
2025-04-17,37.02419381721814,0.0307747657870255,28.9563449674286,19.505409391737235,9.09945768194894,-2.088194998539984,11.766105000376704
2025-04-18,34.150042840758964,0.2048986661533511,27.11023419102033,19.667679908807703,8.411344257583222,-2.3079015464360517,15.095757588148118
2025-04-19,33.77861816937228,-1.3875139469976223,26.943906254048148,18.97152750807628,8.505499571338296,-2.3035468790555997,15.600501742760342
2025-04-20,33.7728197872589,0.3251077823440232,26.4006408668682,19.70827474656515,9.01364758961896,-2.214412291504442,17.689129845301313
2025-04-21,31.714494469364485,-0.672448841974139,24.921280043299003,19.292531423740712,8.972284646367035,-2.241288752595584,18.036730141639712
2025-04-22,26.482492656807107,0.4271959388889373,19.949576226395248,19.669530076385787,9.405961168050768,-2.0052522405510147,19.856626686255137
2025-04-23,28.2025267136693,1.8636954307854177,21.45562836873035,20.28068367059777,9.6133203976353,-1.9573508709768448,20.02799070676168
2025-04-24,32.5525191779236,-0.011388086608301,24.89221161057552,19.286763246600827,9.759723719954492,-1.8725709710841376,19.42594478050868
2025-04-25,25.08451435649892,0.4210957037160796,18.853944636185968,19.692766006895653,9.596539361159008,-2.071524814215799,18.740422587394715
2025-04-26,26.41051018750668,1.791569912947714,19.961665384670106,20.323183094737438,9.37566460712254,-1.9264599464585384,17.59189418474833
2025-04-27,28.80157719710469,0.1508942817399899,22.47424237926801,19.53811383129967,9.046937611361344,-2.0881949944843847,20.27348346392314
2025-04-28,29.39540947730839,0.673624720652898,22.749305042003595,19.96158435104601,9.090931100259224,-2.013485241110126,21.574876711368564
2025-04-29,26.37182726707061,1.725185772160689,20.40814944817374,20.487521469198168,8.93645483480394,-2.0837722944244743,20.54208339611689
2025-04-30,32.169332216019434,0.1389630559111633,24.8175713250041,19.534250237703947,9.433808619290591,-1.9905552067110932,17.383531655867895
2025-05-01,25.99419016826153,1.0400832443535328,19.607072634932894,20.04277397547601,9.596720829556386,-1.978103575741251,15.55441835920016
2025-05-02,42.99457286453247,2.518655790567399,34.07372922897339,20.77413410711289,8.03046004152298,-2.0685989953279496,15.35941981315613
2025-05-03,26.12191898029049,1.1482715665598708,19.74704891053339,20.1955215910431,9.547012675692638,-1.9804170031795896,20.28250251054764
2025-05-04,24.668111124818523,1.2323282086327676,18.803346694906555,20.044841858814163,9.20168599290649,-2.1439211198737222,20.63003657023112
2025-05-05,30.715855556309226,-0.0775031566570202,23.39824879248937,19.3466760150368,9.734869653835892,-1.870393637393912,19.046152433951697
2025-05-06,24.25220520025492,-0.2518064446449279,18.30857370764017,19.182392075192187,9.505468209976952,-2.003006837680936,14.711488177378971
2025-05-07,25.81692679908375,2.4223092222809792,19.43558292975029,20.70426301660016,9.676997682064773,-1.8412717815438904,13.975076676209769
2025-05-08,29.02912063851953,1.0582939994037155,22.184509943860277,20.058228355940432,9.663028627191984,-1.9222413687705997,18.5737982861201
2025-05-09,35.28751005751391,0.1209315815418958,27.320164551393443,19.563091103131573,9.53041297785441,-1.9988562723944585,19.18512682437897
2025-05-10,28.807292850633463,-0.9246189125627282,22.546505705217523,19.331276081351564,8.773542624538143,-2.359545163551966,18.300590040683748
2025-05-11,26.321795676822465,0.1387835880840821,20.379217124332985,19.416329337893675,8.975096573904159,-2.075471216574311,16.082270002762478
2025-05-12,33.883733710825446,-0.6545072084590794,26.366954178487266,19.278927239640307,9.378295152768493,-2.040429763269921,16.59629673798879
2025-05-13,32.42479019309084,0.2410510921478269,24.822325381884976,19.431783664840584,9.759451549798252,-1.853791441137592,14.81333249648412
2025-05-14,34.516331761012474,0.1805876732567947,26.36219998801748,19.35059400027245,9.831383278201026,-1.90155670885245,16.929676589568455
2025-05-15,38.79947779099147,0.3488804893940688,29.784249157210198,19.627030677383143,9.983410390714804,-1.9056392090146737,18.332979859113696
2025-05-16,36.82423417733113,0.4693588714897633,28.29517619925241,19.61924907746911,10.06377803148826,-1.7832322530498106,17.740216576258344
2025-05-17,30.732505019694567,-0.5403084732194742,23.557717048227783,19.12035708853913,9.521886450231076,-1.8556966278875864,18.161615744431813
2025-05-18,37.86172151736418,-0.3599946919927994,29.24125536640485,19.26369058061205,9.875648969694971,-2.048662792218228,13.664606670935948
2025-05-19,37.07944357613723,-1.1831583612474303,28.710350852788736,18.909655746617045,9.696227817416192,-2.0341018805156152,12.918978421638409
2025-05-20,33.42897884334128,-1.531585621786614,25.73960789283117,18.737481418307876,9.872836944838363,-2.0072254315912725,7.667321667671204
2025-05-21,34.704860533257325,0.2467924798925718,26.35486503994713,19.47809224998703,10.228957828978698,-1.897270102540652,8.125982501506806
2025-05-22,36.58575697543224,0.9439158658484618,27.810183364382635,19.85536299989621,10.367106707324584,-1.8166407314340276,9.79314576427142
2025-05-23,37.68420987109344,1.436504414781928,28.53179801754653,20.183930821202697,10.555507863581182,-1.7833002978960673,10.49703582127889
2025-05-24,29.966959497551127,-0.4196506981551646,23.019613267838334,19.34847175326944,9.491680493742228,-2.216521604682008,12.381844099362691
2025-05-25,27.89173606888453,0.523273554071784,20.485370847582814,19.54779999651325,10.33445163033406,-1.8123540926774344,11.95122833609581
2025-05-26,32.11938358146946,1.989287191559871,24.14899973243475,20.29619241553793,10.27086515579621,-1.6923285562743742,13.29416267077128
2025-05-27,33.78383685151736,1.8331048712382716,25.32178452845663,20.19731731913984,10.378808012773597,-1.7440402385145424,14.058355771303177
2025-05-28,29.84478019066652,1.352537367599706,22.476415814161303,20.12015450133632,10.107862243771557,-1.805958181299269,14.29917419830958
2025-05-29,29.32317871610324,0.8238861640145384,21.97464749624332,19.67165233068665,10.010985758304598,-1.8311335861235856,10.973998376528424
2025-05-30,37.17958919145167,0.1509839996124306,28.58973078899396,19.57859982942169,9.784759157150985,-1.9822541369721287,15.271795844634374
2025-05-31,37.88400376745065,0.4215443037723501,29.07227872163057,19.68901126672017,10.033209267963969,-1.9389796384970344,10.895327469110487
2025-06-01,40.19778737346331,0.9440055783738696,31.027259993652503,20.075587235618386,10.168455473760764,-2.017431688080231,7.774037512242795
2025-06-02,38.793928073545295,1.689033399636547,29.646853693354256,20.1956304201372,10.309506797576946,-1.8931195250873765,8.764829136530558
2025-06-03,43.15477152526378,2.9209081147362785,33.33459294708445,20.969108938060703,10.2543562245965,-1.8682162793700887,11.057343284487724
2025-06-04,35.11008123610417,0.3551600988209246,26.86885827941199,19.56896807774157,10.091081272174916,-2.007361484783391,12.187306635777157
2025-06-05,35.51513616086046,0.4812899636427565,26.960749581033983,19.89203981349617,10.074663042734068,-2.0671701427797475,10.89539339184761
2025-06-06,30.737972161610923,0.3970539339482787,23.09180864105622,19.83207265179853,10.160563771943252,-2.1607274303908146,8.862130829691887
2025-06-07,36.019839606116214,1.0342521975537144,27.066971235256645,20.056487005293373,10.654833491176367,-2.1935234970475235,9.654171672066052
2025-06-08,40.51951202559472,0.6373825607448816,30.92816945612431,19.96936593433718,10.455819385697446,-2.3138892049590747,10.918500755230587
2025-06-09,32.036218914131325,0.0424368540396295,23.34778656135003,19.630948665862284,11.262488648702702,-2.160727402001619,7.968377466599146
2025-06-10,32.518805996010705,0.5233632238209251,22.60674782663584,19.458883177188536,12.812603312571843,-1.845354297928512,10.094135844508807
2025-06-11,32.568837322115904,0.8358173524141316,23.92467075755199,19.955761758750928,10.956166555305323,-2.0030068336253364,10.376560810605683
2025-06-12,35.19871292686462,2.025349969193339,25.26622882137696,20.24204782059292,12.193700358390808,-2.0383204419811567,12.632076607147852
2025-06-13,38.35549136012793,1.2627393591701983,28.38924074145655,20.11438633473776,11.699249300519623,-2.0341699253618715,7.037494189143181
2025-06-14,41.312723984042805,1.1183089519143108,31.73923039684693,20.06976465913529,10.226508773356676,-2.1710697360162934,5.666844126830498
2025-06-15,44.80274063110352,0.9800683239251374,33.36569861372312,19.998206779087585,11.997589055220288,-2.0796217575271925,4.587572503735621
2025-06-16,42.94942805957794,0.4213648305982354,32.68761885881424,19.82042749964322,10.619003701239825,-2.2766023933961987,7.625715003013611
2025-06-17,41.83432557710012,1.2083760711848734,31.637966673892617,20.10850931917876,10.920064660092196,-2.237342338070273,8.398993339737256
2025-06-18,32.635518200476966,1.2505390011121833,22.821568266749384,19.955924999351307,12.610958747953177,-1.940884796857833,8.640009189645449
2025-06-19,34.07797801316778,2.1276173609693845,25.19152051071326,20.323237509081764,11.21858581831058,-2.036211173415184,9.68188747425874
2025-06-20,36.03665473403533,1.796952466631929,26.80134920060635,20.36383231764784,11.224028313120208,-2.067306204083065,9.885905035535494
2025-06-21,33.08472320733468,0.9439160048713284,23.72200745880604,19.764269509899123,11.9642989902248,-2.1958369102912645,10.26530245780945
2025-06-22,31.82002408081293,0.3308491487006348,23.386227604150776,19.55743175832928,10.73774095421036,-2.1875358466356998,11.553002548217776
2025-06-23,30.43273130339384,-0.4859452387044826,22.616527814070384,19.32349451346696,10.113123313436908,-2.303478830153743,12.64129339059194
2025-06-24,36.97962949478626,-0.7329122715592385,28.020181666860974,19.25389558062827,10.491830622404814,-2.1790986831486223,12.048595779339472
2025-06-25,32.72423262969653,0.0906102504705387,24.419239863852663,19.61935793048392,10.28755546888709,-2.2683693441698947,8.885501695672671
2025-06-26,34.63279540202518,1.178234042182565,24.88501251230637,20.01181092183354,11.854088383823637,-1.953336395382881,11.122320799430211
2025-06-27,34.49404960473378,1.2021861929980415,26.089242868671818,20.272847669313357,10.364748266955218,-2.170797580964863,10.343973302443825
2025-06-28,39.80921627471348,1.2142968091219666,28.82132666712006,20.060187310852733,12.578122332324584,-1.911830993965268,7.454284973442554
2025-06-29,42.09500194501877,0.3069866863489152,32.009334980050724,19.542031850591925,10.784818465108671,-2.1813440211291115,11.10836426536242
2025-06-30,41.66783036065102,-0.3298526843786238,31.71505209952593,19.44141539584349,10.43931049775084,-2.3201490509783227,13.77593083659808
2025-07-01,42.02301986082395,0.0184847272858023,32.270270830094816,19.764432780501743,10.20446666721503,-2.591703330251077,9.478067524234454
2025-07-02,49.78557969665528,2.518655790567399,35.92703936576844,21.145038002491,13.732022950172423,-2.418060973525047,9.469180307388308
2025-07-03,34.62186141689619,0.0005430723826087,25.43303213954593,19.634921068685752,11.243349106977384,-2.4235723667914666,8.959366694291433
